Mode,fn_freq_Hz,fn_time_Hz,fn_theory_Hz,err_freq_vs_theory_pct,err_time_vs_theory_pct,err_time_vs_freq_pct,zeta_time_logdec,zeta_ls_ref_acc,zeta_hpp_ref_acc,err_zeta_time_vs_hpp_pct,err_zeta_time_vs_ls_pct,m_modal_ref_acc,k_modal_ref_acc,d_modal_ref_acc,ref_accelerometer
1,1.2849006806500904,1.327835709168774,1.071689204362755,19.894898205503022,23.90119297304372,3.3415056249297628,0.003956314757454757,0.0023,0.0081,51.156607932657316,72.01368510672856,72.66,4721.1,2.7166,4
2,1.8127517710793166,1.829279657696199,1.4904988868822842,21.620471308844603,22.72935416426586,0.9117567490799677,0.0035250009993576074,0.0018,0.0096,63.28123959002492,95.83338885320042,275.52,35869.0,11.151,4
3,2.264203361577997,2.297106719425156,1.9961312520111851,13.429583315060977,15.07793974523097,1.4531979947343474,0.00377494731081119,0.0011,0.0077,50.97471024920532,243.17702825556267,94.308,19139.0,2.8602,4
4,4.472843450479234,4.737409627721389,3.8831161682486535,15.186959562339245,22.000203508154005,5.9149438197710476,0.015478292439164272,0.0004,0.0031,399.2997561020733,3769.573109791068,-16.239,-12835.0,0.37191,4
5,6.743992221141826,7.032470902368865,6.640284103749267,1.5618024134540083,5.906174984262487,4.277565450367563,0.018632993989047338,0.0027,0.0036,417.5831663624261,590.1108884832347,23.895,42892.0,5.5277,4
6,8.591471037644117,7.426268226817361,8.230770619139978,4.382340794012171,9.774326482283607,13.56232018616301,0.011897929432888728,0.0022,0.002,494.89647164443636,440.81497422221486,-79.934,-233090.0,18.73,4
